{
  "timestamp": "2026-01-26T14:22:21.314696",
  "retrieval": {
    "avg_precision": 0.38666666666666666,
    "avg_recall": 0.9333333333333333,
    "avg_mrr": 0.6388888888888888,
    "pass_rate": 1.0,
    "total_cases": 15,
    "passed_cases": 15,
    "failed_tests": []
  },
  "e2e": {
    "pass_rate": 1.0,
    "total_cases": 10,
    "passed_cases": 10,
    "avg_rubric_score": 5.0,
    "avg_execution_time_ms": 49017.37892627716,
    "failed_tests": []
  }
}